{
  "version": 2,
  "bodyType": "male",
  "selections": {
    "body": {
      "itemId": "body",
      "variant": "light",
      "name": "Body color (light)"
    },
    "head": {
      "itemId": "heads_human_male",
      "variant": "light",
      "name": "Human male (light)"
    },
    "expression": {
      "itemId": "face_neutral",
      "variant": "light",
      "name": "Neutral (light)"
    },
    "jacket": {
      "itemId": "torso_jacket_trench",
      "variant": "gray",
      "name": "Trench coat (gray)"
    },
    "hat": {
      "itemId": "hat_formal_bowler",
      "variant": "base",
      "name": "Formal Bowler Hat (base)"
    },
    "beard": {
      "itemId": "beards_beard",
      "variant": "raven",
      "name": "Basic Beard (raven)"
    },
    "hair": {
      "itemId": "hair_idol",
      "variant": "dark gray",
      "name": "Idol (dark gray)"
    },
    "weapon": {
      "itemId": "weapon_polearm_cane",
      "variant": "cane",
      "name": "Cane (cane)"
    },
    "legs": {
      "itemId": "legs_formal_striped",
      "variant": "black",
      "name": "Striped Formal Pants (black)"
    },
    "shoes": {
      "itemId": "feet_boots_fold",
      "variant": "black",
      "name": "Folded Rim Boots (black)"
    }
  },
  "selectedAnimation": "walk",
  "showTransparencyGrid": true,
  "applyTransparencyMask": false,
  "matchBodyColorEnabled": true,
  "compactDisplay": false,
  "enabledLicenses": {
    "CC0": true,
    "CC-BY-SA": true,
    "CC-BY": true,
    "OGA-BY": true,
    "GPL": true
  },
  "enabledAnimations": {
    "spellcast": false,
    "thrust": false,
    "walk": false,
    "slash": false,
    "shoot": false,
    "hurt": false,
    "climb": false,
    "idle": false,
    "jump": false,
    "sit": false,
    "emote": false,
    "run": false,
    "watering": false,
    "combat": false,
    "1h_slash": false,
    "1h_backslash": false,
    "1h_halfslash": false
  },
  "url": "https://liberatedpixelcup.github.io/Universal-LPC-Spritesheet-Character-Generator/#sex=male&body=Body_color_light&head=Human_male_light&expression=Neutral_light&jacket=Trench_coat_gray&hat=Formal_Bowler_Hat_base&beard=Basic_Beard_raven&hair=Idol_dark%20gray&weapon=Cane_cane&legs=Striped_Formal_Pants_black&shoes=Folded_Rim_Boots_black",
  "layers": [
    {
      "itemId": "body",
      "variant": "light",
      "zPos": 10,
      "layerNum": 1,
      "yPos": 0,
      "isCustom": false,
      "fileName": "body/bodies/male/spellcast/light.png",
      "supportedAnimations": [
        "spellcast",
        "thrust",
        "walk",
        "slash",
        "shoot",
        "hurt",
        "climb",
        "idle",
        "jump",
        "sit",
        "emote",
        "run",
        "combat_idle",
        "backslash",
        "halfslash"
      ]
    },
    {
      "itemId": "legs_formal_striped",
      "variant": "black",
      "zPos": 20,
      "layerNum": 1,
      "yPos": 0,
      "isCustom": false,
      "fileName": "legs/formal_striped/male/spellcast/black.png",
      "supportedAnimations": [
        "spellcast",
        "thrust",
        "walk",
        "slash",
        "shoot",
        "hurt",
        "climb",
        "idle",
        "jump",
        "sit",
        "emote",
        "run",
        "combat_idle",
        "backslash",
        "halfslash"
      ]
    },
    {
      "itemId": "feet_boots_fold",
      "variant": "black",
      "zPos": 25,
      "layerNum": 1,
      "yPos": 0,
      "isCustom": false,
      "fileName": "feet/boots/fold/male/spellcast/black.png",
      "supportedAnimations": [
        "spellcast",
        "thrust",
        "walk",
        "slash",
        "shoot",
        "hurt",
        "climb",
        "idle",
        "jump",
        "sit",
        "emote",
        "run",
        "combat_idle",
        "backslash",
        "halfslash"
      ]
    },
    {
      "itemId": "torso_jacket_trench",
      "variant": "gray",
      "zPos": 55,
      "layerNum": 1,
      "yPos": 0,
      "isCustom": false,
      "fileName": "torso/jacket/trench/male/spellcast/gray.png",
      "supportedAnimations": [
        "spellcast",
        "thrust",
        "walk",
        "slash",
        "shoot",
        "hurt"
      ]
    },
    {
      "itemId": "heads_human_male",
      "variant": "light",
      "zPos": 100,
      "layerNum": 1,
      "yPos": 0,
      "isCustom": false,
      "fileName": "head/heads/human/male/spellcast/light.png",
      "supportedAnimations": [
        "spellcast",
        "thrust",
        "walk",
        "slash",
        "shoot",
        "hurt",
        "climb",
        "idle",
        "jump",
        "sit",
        "emote",
        "run",
        "combat_idle",
        "backslash",
        "halfslash"
      ]
    },
    {
      "itemId": "face_neutral",
      "variant": "light",
      "zPos": 101,
      "layerNum": 1,
      "yPos": 0,
      "isCustom": false,
      "fileName": "head/faces/male/neutral/spellcast/light.png",
      "supportedAnimations": [
        "spellcast",
        "thrust",
        "walk",
        "slash",
        "shoot",
        "hurt",
        "climb",
        "idle",
        "jump",
        "sit",
        "emote",
        "run",
        "combat_idle",
        "backslash",
        "halfslash"
      ]
    },
    {
      "itemId": "beards_beard",
      "variant": "raven",
      "zPos": 110,
      "layerNum": 1,
      "yPos": 0,
      "isCustom": false,
      "fileName": "beards/beard/basic/spellcast/raven.png",
      "supportedAnimations": [
        "spellcast",
        "thrust",
        "walk",
        "slash",
        "shoot",
        "hurt",
        "climb",
        "idle",
        "jump",
        "sit",
        "emote",
        "run",
        "combat_idle",
        "backslash",
        "halfslash"
      ]
    },
    {
      "itemId": "hair_idol",
      "variant": "dark gray",
      "zPos": 120,
      "layerNum": 1,
      "yPos": 0,
      "isCustom": false,
      "fileName": "hair/idol/adult/spellcast/dark_gray.png",
      "supportedAnimations": [
        "spellcast",
        "thrust",
        "walk",
        "slash",
        "shoot",
        "hurt",
        "climb",
        "idle",
        "jump",
        "sit",
        "emote",
        "run",
        "combat_idle",
        "backslash",
        "halfslash"
      ]
    },
    {
      "itemId": "hat_formal_bowler",
      "variant": "base",
      "zPos": 130,
      "layerNum": 1,
      "yPos": 0,
      "isCustom": false,
      "fileName": "hat/formal/bowler/adult/spellcast/base.png",
      "supportedAnimations": [
        "spellcast",
        "thrust",
        "walk",
        "slash",
        "shoot",
        "hurt",
        "climb",
        "idle",
        "jump",
        "sit",
        "emote",
        "run",
        "combat_idle",
        "backslash",
        "halfslash"
      ]
    },
    {
      "itemId": "weapon_polearm_cane",
      "variant": "cane",
      "zPos": 140,
      "layerNum": 1,
      "yPos": 256,
      "isCustom": false,
      "fileName": "weapon/polearm/cane/male/thrust/cane.png",
      "supportedAnimations": [
        "thrust",
        "walk"
      ]
    }
  ],
  "credits": [
    {
      "fileName": "body/bodies/male/walk/light.png",
      "file": "body/bodies/male",
      "notes": "see details at https://opengameart.org/content/lpc-character-bases; 'Thick' Male Revised Run/Climb by JaidynReiman (based on ElizaWy's LPC Revised)",
      "authors": [
        "bluecarrot16",
        "JaidynReiman",
        "Benjamin K. Smith (BenCreating)",
        "Evert",
        "Eliza Wyatt (ElizaWy)",
        "TheraHedwig",
        "MuffinElZangano",
        "Durrani",
        "Johannes Sjölund (wulax)",
        "Stephen Challener (Redshrike)"
      ],
      "licenses": [
        "OGA-BY 3.0",
        "CC-BY-SA 3.0",
        "GPL 3.0"
      ],
      "urls": [
        "https://opengameart.org/content/liberated-pixel-cup-lpc-base-assets-sprites-map-tiles",
        "https://opengameart.org/content/lpc-medieval-fantasy-character-sprites",
        "https://opengameart.org/content/lpc-male-jumping-animation-by-durrani",
        "https://opengameart.org/content/lpc-runcycle-and-diagonal-walkcycle",
        "https://opengameart.org/content/lpc-revised-character-basics",
        "https://opengameart.org/content/lpc-be-seated",
        "https://opengameart.org/content/lpc-runcycle-for-male-muscular-and-pregnant-character-bases-with-modular-heads",
        "https://opengameart.org/content/lpc-jump-expanded",
        "https://opengameart.org/content/lpc-character-bases"
      ]
    },
    {
      "fileName": "head/heads/human/male/walk/light.png",
      "file": "head/heads/human/male",
      "notes": "original head by Redshrike, tweaks by BenCreating, modular version by bluecarrot16",
      "authors": [
        "bluecarrot16",
        "Benjamin K. Smith (BenCreating)",
        "Stephen Challener (Redshrike)"
      ],
      "licenses": [
        "OGA-BY 3.0",
        "CC-BY-SA 3.0",
        "GPL 3.0"
      ],
      "urls": [
        "https://opengameart.org/content/liberated-pixel-cup-lpc-base-assets-sprites-map-tiles",
        "https://opengameart.org/content/lpc-character-bases"
      ]
    },
    {
      "fileName": "head/faces/male/neutral/walk/light.png",
      "file": "head/faces",
      "notes": "Original by Redshrike, Expressions by ElizaWy, mapped to all frames by JaidynReiman",
      "authors": [
        "JaidynReiman",
        "ElizaWy",
        "Stephen Challener (Redshrike)"
      ],
      "licenses": [
        "OGA-BY 3.0"
      ],
      "urls": [
        "https://github.com/ElizaWy/LPC/tree/main/Characters/Head",
        "https://opengameart.org/content/ulpc-expanded-expressions"
      ]
    },
    {
      "fileName": "torso/jacket/trench/male/walk/gray.png",
      "file": "torso/jacket/trench",
      "notes": "",
      "authors": [
        "bluecarrot16"
      ],
      "licenses": [
        "CC-BY-SA 3.0",
        "GPL 3.0"
      ],
      "urls": [
        "https://opengameart.org/content/lpc-gentleman"
      ]
    },
    {
      "fileName": "hat/formal/bowler/adult/walk/base.png",
      "file": "hat/formal/bowler",
      "notes": "",
      "authors": [
        "bluecarrot16"
      ],
      "licenses": [
        "CC-BY-SA 3.0",
        "GPL 3.0"
      ],
      "urls": [
        "https://opengameart.org/content/lpc-gentleman",
        "https://opengameart.org/content/lpc-expanded-hats-facial-helmets"
      ]
    },
    {
      "fileName": "beards/beard/basic/walk/raven.png",
      "file": "beards/beard/basic",
      "notes": "Original by Nemisys, repositioning by JaidynReiman.",
      "authors": [
        "JaidynReiman",
        "Carlo Enrico Victoria (Nemisys)"
      ],
      "licenses": [
        "CC-BY-SA 3.0",
        "GPL 3.0"
      ],
      "urls": [
        "https://opengameart.org/content/lpc-white-beard"
      ]
    },
    {
      "fileName": "hair/idol/adult/walk/dark_gray.png",
      "file": "hair/idol",
      "notes": "Original CC0 by Thecilekli. Edited by bluecarrot16 and ElizaWy. Animated by ElizaWy.",
      "authors": [
        "thecilekli",
        "bluecarrot16"
      ],
      "licenses": [
        "CC0"
      ],
      "urls": [
        "https://opengameart.org/content/lpc-korean-idol-hairstyle-male-with-12-colors",
        "https://opengameart.org/content/lpc-hair",
        "https://github.com/ElizaWy/LPC/tree/main/Characters/Hair",
        "https://opengameart.org/content/lpc-expanded-sit-run-jump-more"
      ]
    },
    {
      "fileName": "weapon/polearm/cane/male/walk/cane.png",
      "file": "weapon/polearm/cane",
      "notes": "",
      "authors": [
        "bluecarrot16"
      ],
      "licenses": [
        "CC-BY-SA 3.0",
        "GPL 3.0"
      ],
      "urls": [
        "https://opengameart.org/content/lpc-gentleman"
      ]
    },
    {
      "fileName": "legs/formal_striped/male/walk/black.png",
      "file": "legs/formal_striped",
      "notes": "Original pants by Stephen Challener (Redshrike), thrust/shoot bases by Wulax, Striped Formal Pants by Bluecarrot16, climb/jump/run/sit/emotes/revised combat by JaidynReiman",
      "authors": [
        "bluecarrot16",
        "JaidynReiman",
        "ElizaWy",
        "Johannes Sjölund (wulax)",
        "Stephen Challener (Redshrike)"
      ],
      "licenses": [
        "OGA-BY 3.0",
        "CC-BY-SA 3.0",
        "GPL 3.0"
      ],
      "urls": [
        "https://opengameart.org/content/liberated-pixel-cup-lpc-base-assets-sprites-map-tiles",
        "https://opengameart.org/content/lpc-medieval-fantasy-character-sprites",
        "https://opengameart.org/content/lpc-2-characters",
        "https://opengameart.org/content/lpc-gentleman",
        "https://opengameart.org/content/lpc-expanded-pants"
      ]
    },
    {
      "fileName": "feet/boots/fold/male/walk/black.png",
      "file": "feet/boots/fold",
      "notes": "",
      "authors": [
        "JaidynReiman"
      ],
      "licenses": [
        "OGA-BY 3.0+",
        "CC-BY 3.0+",
        "GPL 3.0"
      ],
      "urls": [
        "https://opengameart.org/content/lpc-kimono-relm",
        "https://opengameart.org/content/lpc-expanded-socks-shoes"
      ]
    }
  ]
}