{
  "exportTimestamp": "2026-01-18T02-54-17",
  "bodyType": "male",
  "standardAnimations": {
    "exported": {
      "spellcast": [
        "010 body_color__light_.png",
        "100 human_male__light_.png",
        "101 neutral__light_.png",
        "035 longsleeve__sky_.png",
        "020 pants__blue_.png",
        "015 basic_shoes__brown_.png",
        "120 plain__ash_.png"
      ],
      "thrust": [
        "010 body_color__light_.png",
        "100 human_male__light_.png",
        "101 neutral__light_.png",
        "035 longsleeve__sky_.png",
        "020 pants__blue_.png",
        "015 basic_shoes__brown_.png",
        "120 plain__ash_.png"
      ],
      "walk": [
        "010 body_color__light_.png",
        "100 human_male__light_.png",
        "101 neutral__light_.png",
        "035 longsleeve__sky_.png",
        "020 pants__blue_.png",
        "015 basic_shoes__brown_.png",
        "120 plain__ash_.png"
      ],
      "slash": [
        "010 body_color__light_.png",
        "100 human_male__light_.png",
        "101 neutral__light_.png",
        "035 longsleeve__sky_.png",
        "020 pants__blue_.png",
        "015 basic_shoes__brown_.png",
        "120 plain__ash_.png"
      ],
      "shoot": [
        "010 body_color__light_.png",
        "100 human_male__light_.png",
        "101 neutral__light_.png",
        "035 longsleeve__sky_.png",
        "020 pants__blue_.png",
        "015 basic_shoes__brown_.png",
        "120 plain__ash_.png"
      ],
      "hurt": [
        "010 body_color__light_.png",
        "100 human_male__light_.png",
        "101 neutral__light_.png",
        "035 longsleeve__sky_.png",
        "020 pants__blue_.png",
        "015 basic_shoes__brown_.png",
        "120 plain__ash_.png"
      ],
      "climb": [
        "010 body_color__light_.png",
        "100 human_male__light_.png",
        "101 neutral__light_.png",
        "035 longsleeve__sky_.png",
        "020 pants__blue_.png",
        "015 basic_shoes__brown_.png",
        "120 plain__ash_.png"
      ],
      "idle": [
        "010 body_color__light_.png",
        "100 human_male__light_.png",
        "101 neutral__light_.png",
        "035 longsleeve__sky_.png",
        "020 pants__blue_.png",
        "015 basic_shoes__brown_.png",
        "120 plain__ash_.png"
      ],
      "jump": [
        "010 body_color__light_.png",
        "100 human_male__light_.png",
        "101 neutral__light_.png",
        "035 longsleeve__sky_.png",
        "020 pants__blue_.png",
        "015 basic_shoes__brown_.png",
        "120 plain__ash_.png"
      ],
      "sit": [
        "010 body_color__light_.png",
        "100 human_male__light_.png",
        "101 neutral__light_.png",
        "035 longsleeve__sky_.png",
        "020 pants__blue_.png",
        "015 basic_shoes__brown_.png",
        "120 plain__ash_.png"
      ],
      "emote": [
        "010 body_color__light_.png",
        "100 human_male__light_.png",
        "101 neutral__light_.png",
        "035 longsleeve__sky_.png",
        "020 pants__blue_.png",
        "015 basic_shoes__brown_.png",
        "120 plain__ash_.png"
      ],
      "run": [
        "010 body_color__light_.png",
        "100 human_male__light_.png",
        "101 neutral__light_.png",
        "035 longsleeve__sky_.png",
        "020 pants__blue_.png",
        "015 basic_shoes__brown_.png",
        "120 plain__ash_.png"
      ],
      "combat": [
        "010 body_color__light_.png",
        "100 human_male__light_.png",
        "101 neutral__light_.png",
        "035 longsleeve__sky_.png",
        "020 pants__blue_.png",
        "015 basic_shoes__brown_.png",
        "120 plain__ash_.png"
      ],
      "1h_backslash": [
        "010 body_color__light_.png",
        "100 human_male__light_.png",
        "101 neutral__light_.png",
        "035 longsleeve__sky_.png",
        "020 pants__blue_.png",
        "015 basic_shoes__brown_.png",
        "120 plain__ash_.png"
      ],
      "1h_halfslash": [
        "010 body_color__light_.png",
        "100 human_male__light_.png",
        "101 neutral__light_.png",
        "035 longsleeve__sky_.png",
        "020 pants__blue_.png",
        "015 basic_shoes__brown_.png",
        "120 plain__ash_.png"
      ]
    },
    "failed": {
      "spellcast": [],
      "thrust": [],
      "walk": [],
      "slash": [],
      "shoot": [],
      "hurt": [],
      "climb": [],
      "idle": [],
      "jump": [],
      "sit": [],
      "emote": [],
      "run": [],
      "combat": [],
      "1h_backslash": [],
      "1h_halfslash": []
    }
  },
  "customAnimations": {
    "exported": {},
    "failed": {}
  },
  "frameSize": 64,
  "frameCounts": {}
}