{
  "exportTimestamp": "2026-01-18T02-55-57",
  "bodyType": "female",
  "standardAnimations": {
    "exported": {
      "spellcast": [
        "010 body_color__light_.png",
        "100 human_male__light_.png",
        "101 neutral__light_.png",
        "035 blouse__pink_.png",
        "020 pantaloons__blue_.png",
        "015 sara_shoes__pink_.png",
        "120 loose__blonde_.png"
      ],
      "thrust": [
        "010 body_color__light_.png",
        "100 human_male__light_.png",
        "101 neutral__light_.png",
        "035 blouse__pink_.png",
        "020 pantaloons__blue_.png",
        "015 sara_shoes__pink_.png",
        "120 loose__blonde_.png"
      ],
      "walk": [
        "010 body_color__light_.png",
        "100 human_male__light_.png",
        "101 neutral__light_.png",
        "035 blouse__pink_.png",
        "020 pantaloons__blue_.png",
        "015 sara_shoes__pink_.png",
        "120 loose__blonde_.png"
      ],
      "slash": [
        "010 body_color__light_.png",
        "100 human_male__light_.png",
        "101 neutral__light_.png",
        "035 blouse__pink_.png",
        "020 pantaloons__blue_.png",
        "015 sara_shoes__pink_.png",
        "120 loose__blonde_.png"
      ],
      "shoot": [
        "010 body_color__light_.png",
        "100 human_male__light_.png",
        "101 neutral__light_.png",
        "035 blouse__pink_.png",
        "020 pantaloons__blue_.png",
        "015 sara_shoes__pink_.png",
        "120 loose__blonde_.png"
      ],
      "hurt": [
        "010 body_color__light_.png",
        "100 human_male__light_.png",
        "101 neutral__light_.png",
        "035 blouse__pink_.png",
        "020 pantaloons__blue_.png",
        "015 sara_shoes__pink_.png",
        "120 loose__blonde_.png"
      ],
      "climb": [
        "010 body_color__light_.png",
        "100 human_male__light_.png",
        "101 neutral__light_.png",
        "020 pantaloons__blue_.png",
        "015 sara_shoes__pink_.png",
        "120 loose__blonde_.png"
      ],
      "idle": [
        "010 body_color__light_.png",
        "100 human_male__light_.png",
        "101 neutral__light_.png",
        "020 pantaloons__blue_.png",
        "015 sara_shoes__pink_.png",
        "120 loose__blonde_.png"
      ],
      "jump": [
        "010 body_color__light_.png",
        "100 human_male__light_.png",
        "101 neutral__light_.png",
        "020 pantaloons__blue_.png",
        "015 sara_shoes__pink_.png",
        "120 loose__blonde_.png"
      ],
      "sit": [
        "010 body_color__light_.png",
        "100 human_male__light_.png",
        "101 neutral__light_.png",
        "020 pantaloons__blue_.png",
        "015 sara_shoes__pink_.png",
        "120 loose__blonde_.png"
      ],
      "emote": [
        "010 body_color__light_.png",
        "100 human_male__light_.png",
        "101 neutral__light_.png",
        "020 pantaloons__blue_.png",
        "015 sara_shoes__pink_.png",
        "120 loose__blonde_.png"
      ],
      "run": [
        "010 body_color__light_.png",
        "100 human_male__light_.png",
        "101 neutral__light_.png",
        "020 pantaloons__blue_.png",
        "015 sara_shoes__pink_.png",
        "120 loose__blonde_.png"
      ],
      "combat": [
        "010 body_color__light_.png",
        "100 human_male__light_.png",
        "101 neutral__light_.png",
        "020 pantaloons__blue_.png",
        "015 sara_shoes__pink_.png",
        "120 loose__blonde_.png"
      ],
      "1h_backslash": [
        "010 body_color__light_.png",
        "100 human_male__light_.png",
        "101 neutral__light_.png",
        "020 pantaloons__blue_.png",
        "015 sara_shoes__pink_.png",
        "120 loose__blonde_.png"
      ],
      "1h_halfslash": [
        "010 body_color__light_.png",
        "100 human_male__light_.png",
        "101 neutral__light_.png",
        "020 pantaloons__blue_.png",
        "015 sara_shoes__pink_.png",
        "120 loose__blonde_.png"
      ]
    },
    "failed": {
      "spellcast": [],
      "thrust": [],
      "walk": [],
      "slash": [],
      "shoot": [],
      "hurt": [],
      "climb": [],
      "idle": [],
      "jump": [],
      "sit": [],
      "emote": [],
      "run": [],
      "combat": [],
      "1h_backslash": [],
      "1h_halfslash": []
    }
  },
  "customAnimations": {
    "exported": {},
    "failed": {}
  },
  "frameSize": 64,
  "frameCounts": {}
}