filename,notes,authors,licenses,urls
"body/bodies/male/walk/light.png","see details at https://opengameart.org/content/lpc-character-bases; 'Thick' Male Revised Run/Climb by JaidynReiman (based on ElizaWy's LPC Revised)","bluecarrot16, JaidynReiman, Benjamin K. Smith (BenCreating), Evert, Eliza Wyatt (ElizaWy), TheraHedwig, MuffinElZangano, Durrani, Johannes Sjölund (wulax), Stephen Challener (Redshrike)","OGA-BY 3.0, CC-BY-SA 3.0, GPL 3.0","https://opengameart.org/content/liberated-pixel-cup-lpc-base-assets-sprites-map-tiles, https://opengameart.org/content/lpc-medieval-fantasy-character-sprites, https://opengameart.org/content/lpc-male-jumping-animation-by-durrani, https://opengameart.org/content/lpc-runcycle-and-diagonal-walkcycle, https://opengameart.org/content/lpc-revised-character-basics, https://opengameart.org/content/lpc-be-seated, https://opengameart.org/content/lpc-runcycle-for-male-muscular-and-pregnant-character-bases-with-modular-heads, https://opengameart.org/content/lpc-jump-expanded, https://opengameart.org/content/lpc-character-bases"
"head/heads/human/male/walk/light.png","original head by Redshrike, tweaks by BenCreating, modular version by bluecarrot16","bluecarrot16, Benjamin K. Smith (BenCreating), Stephen Challener (Redshrike)","OGA-BY 3.0, CC-BY-SA 3.0, GPL 3.0","https://opengameart.org/content/liberated-pixel-cup-lpc-base-assets-sprites-map-tiles, https://opengameart.org/content/lpc-character-bases"
"head/faces/male/neutral/walk/light.png","Original by Redshrike, Expressions by ElizaWy, mapped to all frames by JaidynReiman","JaidynReiman, ElizaWy, Stephen Challener (Redshrike)","OGA-BY 3.0","https://github.com/ElizaWy/LPC/tree/main/Characters/Head, https://opengameart.org/content/ulpc-expanded-expressions"
"torso/jacket/trench/male/walk/gray.png","","bluecarrot16","CC-BY-SA 3.0, GPL 3.0","https://opengameart.org/content/lpc-gentleman"
"hat/formal/bowler/adult/walk/base.png","","bluecarrot16","CC-BY-SA 3.0, GPL 3.0","https://opengameart.org/content/lpc-gentleman, https://opengameart.org/content/lpc-expanded-hats-facial-helmets"
"beards/beard/basic/walk/raven.png","Original by Nemisys, repositioning by JaidynReiman.","JaidynReiman, Carlo Enrico Victoria (Nemisys)","CC-BY-SA 3.0, GPL 3.0","https://opengameart.org/content/lpc-white-beard"
"hair/idol/adult/walk/dark_gray.png","Original CC0 by Thecilekli. Edited by bluecarrot16 and ElizaWy. Animated by ElizaWy.","thecilekli, bluecarrot16","CC0","https://opengameart.org/content/lpc-korean-idol-hairstyle-male-with-12-colors, https://opengameart.org/content/lpc-hair, https://github.com/ElizaWy/LPC/tree/main/Characters/Hair, https://opengameart.org/content/lpc-expanded-sit-run-jump-more"
"weapon/polearm/cane/male/walk/cane.png","","bluecarrot16","CC-BY-SA 3.0, GPL 3.0","https://opengameart.org/content/lpc-gentleman"
"legs/formal_striped/male/walk/black.png","Original pants by Stephen Challener (Redshrike), thrust/shoot bases by Wulax, Striped Formal Pants by Bluecarrot16, climb/jump/run/sit/emotes/revised combat by JaidynReiman","bluecarrot16, JaidynReiman, ElizaWy, Johannes Sjölund (wulax), Stephen Challener (Redshrike)","OGA-BY 3.0, CC-BY-SA 3.0, GPL 3.0","https://opengameart.org/content/liberated-pixel-cup-lpc-base-assets-sprites-map-tiles, https://opengameart.org/content/lpc-medieval-fantasy-character-sprites, https://opengameart.org/content/lpc-2-characters, https://opengameart.org/content/lpc-gentleman, https://opengameart.org/content/lpc-expanded-pants"
"feet/boots/fold/male/walk/black.png","","JaidynReiman","OGA-BY 3.0+, CC-BY 3.0+, GPL 3.0","https://opengameart.org/content/lpc-kimono-relm, https://opengameart.org/content/lpc-expanded-socks-shoes"
