{
  "exportTimestamp": "2026-01-18T17-28-01",
  "bodyType": "male",
  "standardAnimations": {
    "exported": {
      "spellcast": [
        "010 body_color__light_.png",
        "100 human_male__light_.png",
        "101 neutral__light_.png",
        "055 trench_coat__gray_.png",
        "130 formal_bowler_hat__base_.png",
        "110 basic_beard__raven_.png",
        "120 idol__dark_gray_.png",
        "020 striped_formal_pants__black_.png",
        "025 folded_rim_boots__black_.png"
      ],
      "thrust": [
        "010 body_color__light_.png",
        "100 human_male__light_.png",
        "101 neutral__light_.png",
        "055 trench_coat__gray_.png",
        "130 formal_bowler_hat__base_.png",
        "110 basic_beard__raven_.png",
        "120 idol__dark_gray_.png",
        "140 cane__cane_.png",
        "020 striped_formal_pants__black_.png",
        "025 folded_rim_boots__black_.png"
      ],
      "walk": [
        "010 body_color__light_.png",
        "100 human_male__light_.png",
        "101 neutral__light_.png",
        "055 trench_coat__gray_.png",
        "130 formal_bowler_hat__base_.png",
        "110 basic_beard__raven_.png",
        "120 idol__dark_gray_.png",
        "140 cane__cane_.png",
        "020 striped_formal_pants__black_.png",
        "025 folded_rim_boots__black_.png"
      ],
      "slash": [
        "010 body_color__light_.png",
        "100 human_male__light_.png",
        "101 neutral__light_.png",
        "055 trench_coat__gray_.png",
        "130 formal_bowler_hat__base_.png",
        "110 basic_beard__raven_.png",
        "120 idol__dark_gray_.png",
        "020 striped_formal_pants__black_.png",
        "025 folded_rim_boots__black_.png"
      ],
      "shoot": [
        "010 body_color__light_.png",
        "100 human_male__light_.png",
        "101 neutral__light_.png",
        "055 trench_coat__gray_.png",
        "130 formal_bowler_hat__base_.png",
        "110 basic_beard__raven_.png",
        "120 idol__dark_gray_.png",
        "020 striped_formal_pants__black_.png",
        "025 folded_rim_boots__black_.png"
      ],
      "hurt": [
        "010 body_color__light_.png",
        "100 human_male__light_.png",
        "101 neutral__light_.png",
        "055 trench_coat__gray_.png",
        "130 formal_bowler_hat__base_.png",
        "110 basic_beard__raven_.png",
        "120 idol__dark_gray_.png",
        "020 striped_formal_pants__black_.png",
        "025 folded_rim_boots__black_.png"
      ],
      "climb": [
        "010 body_color__light_.png",
        "100 human_male__light_.png",
        "101 neutral__light_.png",
        "130 formal_bowler_hat__base_.png",
        "110 basic_beard__raven_.png",
        "120 idol__dark_gray_.png",
        "020 striped_formal_pants__black_.png",
        "025 folded_rim_boots__black_.png"
      ],
      "idle": [
        "010 body_color__light_.png",
        "100 human_male__light_.png",
        "101 neutral__light_.png",
        "130 formal_bowler_hat__base_.png",
        "110 basic_beard__raven_.png",
        "120 idol__dark_gray_.png",
        "020 striped_formal_pants__black_.png",
        "025 folded_rim_boots__black_.png"
      ],
      "jump": [
        "010 body_color__light_.png",
        "100 human_male__light_.png",
        "101 neutral__light_.png",
        "130 formal_bowler_hat__base_.png",
        "110 basic_beard__raven_.png",
        "120 idol__dark_gray_.png",
        "020 striped_formal_pants__black_.png",
        "025 folded_rim_boots__black_.png"
      ],
      "sit": [
        "010 body_color__light_.png",
        "100 human_male__light_.png",
        "101 neutral__light_.png",
        "130 formal_bowler_hat__base_.png",
        "110 basic_beard__raven_.png",
        "120 idol__dark_gray_.png",
        "020 striped_formal_pants__black_.png",
        "025 folded_rim_boots__black_.png"
      ],
      "emote": [
        "010 body_color__light_.png",
        "100 human_male__light_.png",
        "101 neutral__light_.png",
        "130 formal_bowler_hat__base_.png",
        "110 basic_beard__raven_.png",
        "120 idol__dark_gray_.png",
        "020 striped_formal_pants__black_.png",
        "025 folded_rim_boots__black_.png"
      ],
      "run": [
        "010 body_color__light_.png",
        "100 human_male__light_.png",
        "101 neutral__light_.png",
        "130 formal_bowler_hat__base_.png",
        "110 basic_beard__raven_.png",
        "120 idol__dark_gray_.png",
        "020 striped_formal_pants__black_.png",
        "025 folded_rim_boots__black_.png"
      ],
      "combat": [
        "010 body_color__light_.png",
        "100 human_male__light_.png",
        "101 neutral__light_.png",
        "130 formal_bowler_hat__base_.png",
        "110 basic_beard__raven_.png",
        "120 idol__dark_gray_.png",
        "020 striped_formal_pants__black_.png",
        "025 folded_rim_boots__black_.png"
      ],
      "1h_backslash": [
        "010 body_color__light_.png",
        "100 human_male__light_.png",
        "101 neutral__light_.png",
        "130 formal_bowler_hat__base_.png",
        "110 basic_beard__raven_.png",
        "120 idol__dark_gray_.png",
        "020 striped_formal_pants__black_.png",
        "025 folded_rim_boots__black_.png"
      ],
      "1h_halfslash": [
        "010 body_color__light_.png",
        "100 human_male__light_.png",
        "101 neutral__light_.png",
        "130 formal_bowler_hat__base_.png",
        "110 basic_beard__raven_.png",
        "120 idol__dark_gray_.png",
        "020 striped_formal_pants__black_.png",
        "025 folded_rim_boots__black_.png"
      ]
    },
    "failed": {
      "spellcast": [],
      "thrust": [],
      "walk": [],
      "slash": [],
      "shoot": [],
      "hurt": [],
      "climb": [],
      "idle": [],
      "jump": [],
      "sit": [],
      "emote": [],
      "run": [],
      "combat": [],
      "1h_backslash": [],
      "1h_halfslash": []
    }
  },
  "customAnimations": {
    "exported": {
      "tool_rod": [
        "009 tool_rod_.png",
        "009 tool_rod_.png"
      ],
      "thrust": []
    },
    "failed": {
      "thrust": [
        "010 body_.png",
        "055 torso_jacket_trench_.png",
        "100 heads_human_male_.png",
        "101 face_neutral_.png",
        "110 beards_beard_.png",
        "120 hair_idol_.png",
        "130 hat_formal_bowler_.png"
      ]
    }
  },
  "frameSize": 64,
  "frameCounts": {}
}