{
  "version": 2,
  "bodyType": "female",
  "selections": {
    "body": {
      "itemId": "body",
      "variant": "light",
      "name": "Body color (light)"
    },
    "head": {
      "itemId": "heads_human_male",
      "variant": "light",
      "name": "Human male (light)"
    },
    "expression": {
      "itemId": "face_neutral",
      "variant": "light",
      "name": "Neutral (light)"
    },
    "legs": {
      "itemId": "legs_pants",
      "variant": "blue",
      "name": "Pants (blue)"
    },
    "shoes": {
      "itemId": "feet_shoes_ghillies",
      "variant": "blue",
      "name": "Ghillies (blue)"
    },
    "hair": {
      "itemId": "hair_long_band",
      "variant": "gray",
      "name": "Long band (gray)"
    },
    "facial_eyes": {
      "itemId": "facial_glasses_halfmoon",
      "variant": "black",
      "name": "Halfmoon Glasses (black)"
    },
    "earring_right": {
      "itemId": "facial_earring_right",
      "variant": "black",
      "name": "Simple Earring Right (black)"
    },
    "wrinkes": {
      "itemId": "head_wrinkles",
      "variant": "light",
      "name": "Wrinkles (light)"
    },
    "clothes": {
      "itemId": "torso_clothes_longsleeve",
      "variant": "purple",
      "name": "Longsleeve (purple)"
    }
  },
  "selectedAnimation": "walk",
  "showTransparencyGrid": true,
  "applyTransparencyMask": false,
  "matchBodyColorEnabled": true,
  "compactDisplay": false,
  "enabledLicenses": {
    "CC0": true,
    "CC-BY-SA": true,
    "CC-BY": true,
    "OGA-BY": true,
    "GPL": true
  },
  "enabledAnimations": {
    "spellcast": false,
    "thrust": false,
    "walk": false,
    "slash": false,
    "shoot": false,
    "hurt": false,
    "climb": false,
    "idle": false,
    "jump": false,
    "sit": false,
    "emote": false,
    "run": false,
    "watering": false,
    "combat": false,
    "1h_slash": false,
    "1h_backslash": false,
    "1h_halfslash": false
  },
  "url": "https://liberatedpixelcup.github.io/Universal-LPC-Spritesheet-Character-Generator/#sex=female&body=Body_color_light&head=Human_male_light&expression=Neutral_light&legs=Pants_blue&shoes=Ghillies_blue&hair=Long_band_gray&facial_eyes=Halfmoon_Glasses_black&earring_right=Simple_Earring_Right_black&wrinkes=Wrinkles_light&clothes=Longsleeve_purple",
  "layers": [
    {
      "itemId": "hair_long_band",
      "variant": "gray",
      "zPos": 9,
      "layerNum": 2,
      "yPos": 0,
      "isCustom": false,
      "fileName": "hair/long_band/adult/bg/spellcast/gray.png",
      "supportedAnimations": [
        "spellcast",
        "thrust",
        "walk",
        "slash",
        "shoot",
        "hurt",
        "climb",
        "idle",
        "jump",
        "sit",
        "emote",
        "run",
        "combat_idle",
        "backslash",
        "halfslash"
      ]
    },
    {
      "itemId": "body",
      "variant": "light",
      "zPos": 10,
      "layerNum": 1,
      "yPos": 0,
      "isCustom": false,
      "fileName": "body/bodies/female/spellcast/light.png",
      "supportedAnimations": [
        "spellcast",
        "thrust",
        "walk",
        "slash",
        "shoot",
        "hurt",
        "climb",
        "idle",
        "jump",
        "sit",
        "emote",
        "run",
        "combat_idle",
        "backslash",
        "halfslash"
      ]
    },
    {
      "itemId": "feet_shoes_ghillies",
      "variant": "blue",
      "zPos": 15,
      "layerNum": 1,
      "yPos": 0,
      "isCustom": false,
      "fileName": "feet/shoes/ghillies/thin/spellcast/blue.png",
      "supportedAnimations": [
        "spellcast",
        "thrust",
        "walk",
        "slash",
        "shoot",
        "hurt",
        "climb",
        "idle",
        "jump",
        "sit",
        "emote",
        "run",
        "combat_idle",
        "backslash",
        "halfslash"
      ]
    },
    {
      "itemId": "legs_pants",
      "variant": "blue",
      "zPos": 20,
      "layerNum": 1,
      "yPos": 0,
      "isCustom": false,
      "fileName": "legs/pants/thin/spellcast/blue.png",
      "supportedAnimations": [
        "spellcast",
        "thrust",
        "walk",
        "slash",
        "shoot",
        "hurt",
        "climb",
        "idle",
        "jump",
        "sit",
        "emote",
        "run",
        "combat_idle",
        "backslash",
        "halfslash"
      ]
    },
    {
      "itemId": "torso_clothes_longsleeve",
      "variant": "purple",
      "zPos": 35,
      "layerNum": 1,
      "yPos": 0,
      "isCustom": false,
      "fileName": "torso/clothes/longsleeve/longsleeve/female/spellcast/purple.png",
      "supportedAnimations": [
        "spellcast",
        "thrust",
        "walk",
        "slash",
        "shoot",
        "hurt",
        "climb",
        "idle",
        "jump",
        "sit",
        "emote",
        "run",
        "combat_idle",
        "backslash",
        "halfslash"
      ]
    },
    {
      "itemId": "heads_human_male",
      "variant": "light",
      "zPos": 100,
      "layerNum": 1,
      "yPos": 0,
      "isCustom": false,
      "fileName": "head/heads/human/male/spellcast/light.png",
      "supportedAnimations": [
        "spellcast",
        "thrust",
        "walk",
        "slash",
        "shoot",
        "hurt",
        "climb",
        "idle",
        "jump",
        "sit",
        "emote",
        "run",
        "combat_idle",
        "backslash",
        "halfslash"
      ]
    },
    {
      "itemId": "face_neutral",
      "variant": "light",
      "zPos": 101,
      "layerNum": 1,
      "yPos": 0,
      "isCustom": false,
      "fileName": "head/faces/male/neutral/spellcast/light.png",
      "supportedAnimations": [
        "spellcast",
        "thrust",
        "walk",
        "slash",
        "shoot",
        "hurt",
        "climb",
        "idle",
        "jump",
        "sit",
        "emote",
        "run",
        "combat_idle",
        "backslash",
        "halfslash"
      ]
    },
    {
      "itemId": "head_wrinkles",
      "variant": "light",
      "zPos": 102,
      "layerNum": 1,
      "yPos": 0,
      "isCustom": false,
      "fileName": "head/wrinkles/spellcast/light.png",
      "supportedAnimations": [
        "spellcast",
        "thrust",
        "walk",
        "slash",
        "shoot",
        "hurt",
        "climb",
        "idle",
        "jump",
        "sit",
        "emote",
        "run",
        "combat_idle",
        "backslash",
        "halfslash"
      ]
    },
    {
      "itemId": "facial_glasses_halfmoon",
      "variant": "black",
      "zPos": 115,
      "layerNum": 1,
      "yPos": 0,
      "isCustom": false,
      "fileName": "facial/glasses/halfmoon/adult/spellcast/black.png",
      "supportedAnimations": [
        "spellcast",
        "thrust",
        "walk",
        "slash",
        "shoot",
        "hurt",
        "climb",
        "idle",
        "jump",
        "sit",
        "emote",
        "run",
        "combat_idle",
        "backslash",
        "halfslash"
      ]
    },
    {
      "itemId": "facial_earring_right",
      "variant": "black",
      "zPos": 115,
      "layerNum": 1,
      "yPos": 0,
      "isCustom": false,
      "fileName": "facial/earrings/simple/right/adult/spellcast/black.png",
      "supportedAnimations": [
        "spellcast",
        "thrust",
        "walk",
        "slash",
        "shoot",
        "hurt",
        "climb",
        "idle",
        "jump",
        "sit",
        "emote",
        "run",
        "combat_idle",
        "backslash",
        "halfslash"
      ]
    },
    {
      "itemId": "hair_long_band",
      "variant": "gray",
      "zPos": 120,
      "layerNum": 1,
      "yPos": 0,
      "isCustom": false,
      "fileName": "hair/long_band/adult/fg/spellcast/gray.png",
      "supportedAnimations": [
        "spellcast",
        "thrust",
        "walk",
        "slash",
        "shoot",
        "hurt",
        "climb",
        "idle",
        "jump",
        "sit",
        "emote",
        "run",
        "combat_idle",
        "backslash",
        "halfslash"
      ]
    }
  ],
  "credits": [
    {
      "fileName": "body/bodies/female/walk/light.png",
      "file": "body/bodies/female",
      "notes": "see details at https://opengameart.org/content/lpc-character-bases",
      "authors": [
        "Benjamin K. Smith (BenCreating)",
        "bluecarrot16",
        "TheraHedwig",
        "Evert",
        "MuffinElZangano",
        "Durrani",
        "Pierre Vigier (pvigier)",
        "ElizaWy",
        "Matthew Krohn (makrohn)",
        "Johannes Sjölund (wulax)",
        "Stephen Challener (Redshrike)"
      ],
      "licenses": [
        "OGA-BY 3.0",
        "CC-BY-SA 3.0",
        "GPL 3.0"
      ],
      "urls": [
        "https://opengameart.org/content/liberated-pixel-cup-lpc-base-assets-sprites-map-tiles",
        "https://opengameart.org/content/lpc-medieval-fantasy-character-sprites",
        "https://opengameart.org/content/lpc-ladies",
        "https://opengameart.org/content/lpc-7-womens-shirts",
        "https://opengameart.org/content/lpc-jump-expanded",
        "https://opengameart.org/content/lpc-be-seated",
        "https://opengameart.org/content/lpc-revised-character-basics",
        "https://gitlab.com/vagabondgame/lpc-characters",
        "https://opengameart.org/content/lpc-male-jumping-animation-by-durrani",
        "https://opengameart.org/content/lpc-runcycle-and-diagonal-walkcycle"
      ]
    },
    {
      "fileName": "head/heads/human/male/walk/light.png",
      "file": "head/heads/human/male",
      "notes": "original head by Redshrike, tweaks by BenCreating, modular version by bluecarrot16",
      "authors": [
        "bluecarrot16",
        "Benjamin K. Smith (BenCreating)",
        "Stephen Challener (Redshrike)"
      ],
      "licenses": [
        "OGA-BY 3.0",
        "CC-BY-SA 3.0",
        "GPL 3.0"
      ],
      "urls": [
        "https://opengameart.org/content/liberated-pixel-cup-lpc-base-assets-sprites-map-tiles",
        "https://opengameart.org/content/lpc-character-bases"
      ]
    },
    {
      "fileName": "head/faces/male/neutral/walk/light.png",
      "file": "head/faces",
      "notes": "Original by Redshrike, Expressions by ElizaWy, mapped to all frames by JaidynReiman",
      "authors": [
        "JaidynReiman",
        "ElizaWy",
        "Stephen Challener (Redshrike)"
      ],
      "licenses": [
        "OGA-BY 3.0"
      ],
      "urls": [
        "https://github.com/ElizaWy/LPC/tree/main/Characters/Head",
        "https://opengameart.org/content/ulpc-expanded-expressions"
      ]
    },
    {
      "fileName": "legs/pants/thin/walk/blue.png",
      "file": "legs/pants/thin",
      "notes": "original male pants by wulax, edited for female by Joe White, recolors and edits to v3 base by bluecarrot16, teen legs by ElizaWy derived from base, climb/jump/run/sit/emotes/revised combat by JaidynReiman based on ElizaWy's LPC Revised",
      "authors": [
        "bluecarrot16",
        "JaidynReiman",
        "ElizaWy",
        "Joe White",
        "Matthew Krohn (makrohn)",
        "Johannes Sjölund (wulax)",
        "Stephen Challener (Redshrike)"
      ],
      "licenses": [
        "OGA-BY 3.0",
        "GPL 3.0",
        "CC-BY-SA 3.0"
      ],
      "urls": [
        "https://opengameart.org/content/liberated-pixel-cup-lpc-base-assets-sprites-map-tiles",
        "https://opengameart.org/content/lpc-medieval-fantasy-character-sprites",
        "http://opengameart.org/content/lpc-clothing-updates",
        "https://opengameart.org/content/lpc-expanded-pants"
      ]
    },
    {
      "fileName": "feet/shoes/ghillies/thin/walk/blue.png",
      "file": "feet/shoes/ghillies",
      "notes": "original by pennomi, laetissima and makrohn; edited for v3 bases by bluecarrot16, Jump/Sit/Emote/Run/Revised Combat by JaidynReiman",
      "authors": [
        "bluecarrot16",
        "JaidynReiman",
        "Thane Brimhall (pennomi)",
        "laetissima",
        "Matthew Krohn (makrohn)"
      ],
      "licenses": [
        "CC-BY-SA 3.0",
        "GPL 3.0"
      ],
      "urls": [
        "https://opengameart.org/content/lpc-2-characters",
        "http://opengameart.org/content/lpc-clothing-updates",
        "https://opengameart.org/content/lpc-expanded-socks-shoes"
      ]
    },
    {
      "fileName": "hair/long_band/adult/fg/walk/gray.png",
      "file": "hair/long_band",
      "notes": "",
      "authors": [
        "Mandi Paugh",
        "bluecarrot16"
      ],
      "licenses": [
        "CC-BY-SA 3.0"
      ],
      "urls": [
        "https://opengameart.org/content/fantasy-rpg-npcs",
        "https://opengameart.org/content/lpc-hair"
      ]
    },
    {
      "fileName": "facial/glasses/halfmoon/adult/walk/black.png",
      "file": "facial/glasses/halfmoon",
      "notes": "",
      "authors": [
        "ElizaWy"
      ],
      "licenses": [
        "OGA-BY 3.0"
      ],
      "urls": [
        "https://github.com/ElizaWy/LPC/tree/main/Characters/Head%20Accessories",
        "https://opengameart.org/content/lpc-expanded-sit-run-jump-more"
      ]
    },
    {
      "fileName": "facial/earrings/simple/right/adult/walk/black.png",
      "file": "facial/earrings/simple",
      "notes": "",
      "authors": [
        "bluecarrot16"
      ],
      "licenses": [
        "CC0"
      ],
      "urls": [
        "https://opengameart.org/content/lpc-pirates"
      ]
    },
    {
      "fileName": "head/wrinkles/walk/light.png",
      "file": "head/wrinkles",
      "notes": "",
      "authors": [
        "bluecarrot16"
      ],
      "licenses": [
        "CC0"
      ],
      "urls": []
    },
    {
      "fileName": "torso/clothes/longsleeve/longsleeve/female/walk/purple.png",
      "file": "torso/clothes/longsleeve/longsleeve/female",
      "notes": "original by ElizaWy, edited to v3 bases by bluecarrot16; cleanup and climb/jump/run/sit/emote/revised combat adapted from LPC Revised by JaidynReiman",
      "authors": [
        "bluecarrot16",
        "ElizaWy",
        "JaidynReiman",
        "Stephen Challener (Redshrike)"
      ],
      "licenses": [
        "OGA-BY 3.0",
        "CC-BY-SA 3.0",
        "GPL 3.0"
      ],
      "urls": [
        "https://opengameart.org/content/liberated-pixel-cup-lpc-base-assets-sprites-map-tiles",
        "https://opengameart.org/content/lpc-7-womens-shirts",
        "http://opengameart.org/content/lpc-clothing-updates",
        "https://opengameart.org/content/lpc-revised-character-basics",
        "https://github.com/ElizaWy/LPC/tree/main/Characters/Clothing",
        "https://opengameart.org/content/lpc-expanded-sit-run-jump-more",
        "https://opengameart.org/content/lpc-expanded-simple-shirts"
      ]
    }
  ]
}