filename,notes,authors,licenses,urls
"body/bodies/female/walk/light.png","see details at https://opengameart.org/content/lpc-character-bases","Benjamin K. Smith (BenCreating), bluecarrot16, TheraHedwig, Evert, MuffinElZangano, Durrani, Pierre Vigier (pvigier), ElizaWy, Matthew Krohn (makrohn), Johannes Sjölund (wulax), Stephen Challener (Redshrike)","OGA-BY 3.0, CC-BY-SA 3.0, GPL 3.0","https://opengameart.org/content/liberated-pixel-cup-lpc-base-assets-sprites-map-tiles, https://opengameart.org/content/lpc-medieval-fantasy-character-sprites, https://opengameart.org/content/lpc-ladies, https://opengameart.org/content/lpc-7-womens-shirts, https://opengameart.org/content/lpc-jump-expanded, https://opengameart.org/content/lpc-be-seated, https://opengameart.org/content/lpc-revised-character-basics, https://gitlab.com/vagabondgame/lpc-characters, https://opengameart.org/content/lpc-male-jumping-animation-by-durrani, https://opengameart.org/content/lpc-runcycle-and-diagonal-walkcycle"
"head/heads/human/male/walk/light.png","original head by Redshrike, tweaks by BenCreating, modular version by bluecarrot16","bluecarrot16, Benjamin K. Smith (BenCreating), Stephen Challener (Redshrike)","OGA-BY 3.0, CC-BY-SA 3.0, GPL 3.0","https://opengameart.org/content/liberated-pixel-cup-lpc-base-assets-sprites-map-tiles, https://opengameart.org/content/lpc-character-bases"
"head/faces/male/neutral/walk/light.png","Original by Redshrike, Expressions by ElizaWy, mapped to all frames by JaidynReiman","JaidynReiman, ElizaWy, Stephen Challener (Redshrike)","OGA-BY 3.0","https://github.com/ElizaWy/LPC/tree/main/Characters/Head, https://opengameart.org/content/ulpc-expanded-expressions"
"legs/pantaloons/thin/walk/yellow.png","Original bases by Redshrike, thrust/shoot bases by Wulax, Original Pantaloons by Nila122, climb/jump/run/sit/emotes/revised combat by JaidynReiman","Nila122, JaidynReiman, Johannes Sjölund (wulax), Stephen Challener (Redshrike)","OGA-BY 3.0, GPL 2.0, GPL 3.0, CC-BY-SA 3.0","https://opengameart.org/content/lpc-pirates, https://opengameart.org/content/more-lpc-clothes-and-hair, https://opengameart.org/content/lpc-expanded-pants"
"feet/shoes/ghillies/thin/walk/blue.png","original by pennomi, laetissima and makrohn; edited for v3 bases by bluecarrot16, Jump/Sit/Emote/Run/Revised Combat by JaidynReiman","bluecarrot16, JaidynReiman, Thane Brimhall (pennomi), laetissima, Matthew Krohn (makrohn)","CC-BY-SA 3.0, GPL 3.0","https://opengameart.org/content/lpc-2-characters, http://opengameart.org/content/lpc-clothing-updates, https://opengameart.org/content/lpc-expanded-socks-shoes"
"hair/bangs_bun/adult/walk/dark_brown.png","Original by bluecarrot16, animated by ElizaWy.","ElizaWy, bluecarrot16","CC0","https://opengameart.org/content/lpc-hair, https://github.com/ElizaWy/LPC/blob/main/Characters/Hair, https://opengameart.org/content/lpc-expanded-sit-run-jump-more"
"dress/sash/female/walk/yellow.png","adapted to v3 bases and recolored by bluecarrot16","bluecarrot16, Thane Brimhall (pennomi), laetissima, Matthew Krohn (makrohn)","CC-BY-SA 3.0, GPL 3.0","https://opengameart.org/content/lpc-2-characters"
