{
  "version": 2,
  "bodyType": "male",
  "selections": {
    "body": {
      "itemId": "body",
      "variant": "light",
      "name": "Body color (light)"
    },
    "head": {
      "itemId": "heads_human_male",
      "variant": "light",
      "name": "Human male (light)"
    },
    "expression": {
      "itemId": "face_neutral",
      "variant": "light",
      "name": "Neutral (light)"
    },
    "legs": {
      "itemId": "legs_pants",
      "variant": "black",
      "name": "Pants (black)"
    },
    "shoes": {
      "itemId": "feet_shoes_basic",
      "variant": "black",
      "name": "Basic Shoes (black)"
    },
    "hair": {
      "itemId": "hair_spiked_porcupine",
      "variant": "sandy",
      "name": "Spiked porcupine (sandy)"
    },
    "earring_right": {
      "itemId": "facial_earring_right",
      "variant": "black",
      "name": "Simple Earring Right (black)"
    },
    "clothes": {
      "itemId": "torso_clothes_tshirt",
      "variant": "maroon",
      "name": "TShirt (maroon)"
    },
    "eyebrows": {
      "itemId": "eyebrows_thick",
      "variant": "ash",
      "name": "Thick Eyebrows (ash)"
    },
    "beard": {
      "itemId": "beards_trimmed",
      "variant": "blonde",
      "name": "Trimmed Beard (blonde)"
    }
  },
  "selectedAnimation": "walk",
  "showTransparencyGrid": true,
  "applyTransparencyMask": false,
  "matchBodyColorEnabled": true,
  "compactDisplay": false,
  "enabledLicenses": {
    "CC0": true,
    "CC-BY-SA": true,
    "CC-BY": true,
    "OGA-BY": true,
    "GPL": true
  },
  "enabledAnimations": {
    "spellcast": false,
    "thrust": false,
    "walk": false,
    "slash": false,
    "shoot": false,
    "hurt": false,
    "climb": false,
    "idle": false,
    "jump": false,
    "sit": false,
    "emote": false,
    "run": false,
    "watering": false,
    "combat": false,
    "1h_slash": false,
    "1h_backslash": false,
    "1h_halfslash": false
  },
  "url": "https://liberatedpixelcup.github.io/Universal-LPC-Spritesheet-Character-Generator/#sex=male&body=Body_color_light&head=Human_male_light&expression=Neutral_light&legs=Pants_black&shoes=Basic_Shoes_black&hair=Spiked_porcupine_sandy&earring_right=Simple_Earring_Right_black&clothes=TShirt_maroon&eyebrows=Thick_Eyebrows_ash&beard=Trimmed_Beard_blonde",
  "layers": [
    {
      "itemId": "body",
      "variant": "light",
      "zPos": 10,
      "layerNum": 1,
      "yPos": 0,
      "isCustom": false,
      "fileName": "body/bodies/male/spellcast/light.png",
      "supportedAnimations": [
        "spellcast",
        "thrust",
        "walk",
        "slash",
        "shoot",
        "hurt",
        "climb",
        "idle",
        "jump",
        "sit",
        "emote",
        "run",
        "combat_idle",
        "backslash",
        "halfslash"
      ]
    },
    {
      "itemId": "feet_shoes_basic",
      "variant": "black",
      "zPos": 15,
      "layerNum": 1,
      "yPos": 0,
      "isCustom": false,
      "fileName": "feet/shoes/basic/male/spellcast/black.png",
      "supportedAnimations": [
        "spellcast",
        "thrust",
        "walk",
        "slash",
        "shoot",
        "hurt",
        "climb",
        "idle",
        "jump",
        "sit",
        "emote",
        "run",
        "combat_idle",
        "backslash",
        "halfslash"
      ]
    },
    {
      "itemId": "legs_pants",
      "variant": "black",
      "zPos": 20,
      "layerNum": 1,
      "yPos": 0,
      "isCustom": false,
      "fileName": "legs/pants/male/spellcast/black.png",
      "supportedAnimations": [
        "spellcast",
        "thrust",
        "walk",
        "slash",
        "shoot",
        "hurt",
        "climb",
        "idle",
        "jump",
        "sit",
        "emote",
        "run",
        "combat_idle",
        "backslash",
        "halfslash"
      ]
    },
    {
      "itemId": "torso_clothes_tshirt",
      "variant": "maroon",
      "zPos": 35,
      "layerNum": 1,
      "yPos": 0,
      "isCustom": false,
      "fileName": "torso/clothes/shortsleeve/tshirt/male/spellcast/maroon.png",
      "supportedAnimations": [
        "spellcast",
        "thrust",
        "walk",
        "slash",
        "shoot",
        "hurt",
        "climb",
        "idle",
        "jump",
        "sit",
        "emote",
        "run",
        "combat_idle",
        "backslash",
        "halfslash"
      ]
    },
    {
      "itemId": "heads_human_male",
      "variant": "light",
      "zPos": 100,
      "layerNum": 1,
      "yPos": 0,
      "isCustom": false,
      "fileName": "head/heads/human/male/spellcast/light.png",
      "supportedAnimations": [
        "spellcast",
        "thrust",
        "walk",
        "slash",
        "shoot",
        "hurt",
        "climb",
        "idle",
        "jump",
        "sit",
        "emote",
        "run",
        "combat_idle",
        "backslash",
        "halfslash"
      ]
    },
    {
      "itemId": "face_neutral",
      "variant": "light",
      "zPos": 101,
      "layerNum": 1,
      "yPos": 0,
      "isCustom": false,
      "fileName": "head/faces/male/neutral/spellcast/light.png",
      "supportedAnimations": [
        "spellcast",
        "thrust",
        "walk",
        "slash",
        "shoot",
        "hurt",
        "climb",
        "idle",
        "jump",
        "sit",
        "emote",
        "run",
        "combat_idle",
        "backslash",
        "halfslash"
      ]
    },
    {
      "itemId": "eyebrows_thick",
      "variant": "ash",
      "zPos": 106,
      "layerNum": 1,
      "yPos": 0,
      "isCustom": false,
      "fileName": "eyes/eyebrows/thick/adult/spellcast/ash.png",
      "supportedAnimations": [
        "spellcast",
        "thrust",
        "walk",
        "slash",
        "shoot",
        "hurt",
        "climb",
        "idle",
        "jump",
        "sit",
        "emote",
        "run",
        "combat_idle",
        "backslash",
        "halfslash"
      ]
    },
    {
      "itemId": "beards_trimmed",
      "variant": "blonde",
      "zPos": 110,
      "layerNum": 1,
      "yPos": 0,
      "isCustom": false,
      "fileName": "beards/beard/trimmed/spellcast/blonde.png",
      "supportedAnimations": [
        "spellcast",
        "thrust",
        "walk",
        "slash",
        "shoot",
        "hurt",
        "climb",
        "idle",
        "jump",
        "sit",
        "emote",
        "run",
        "combat_idle",
        "backslash",
        "halfslash"
      ]
    },
    {
      "itemId": "facial_earring_right",
      "variant": "black",
      "zPos": 115,
      "layerNum": 1,
      "yPos": 0,
      "isCustom": false,
      "fileName": "facial/earrings/simple/right/adult/spellcast/black.png",
      "supportedAnimations": [
        "spellcast",
        "thrust",
        "walk",
        "slash",
        "shoot",
        "hurt",
        "climb",
        "idle",
        "jump",
        "sit",
        "emote",
        "run",
        "combat_idle",
        "backslash",
        "halfslash"
      ]
    },
    {
      "itemId": "hair_spiked_porcupine",
      "variant": "sandy",
      "zPos": 120,
      "layerNum": 1,
      "yPos": 0,
      "isCustom": false,
      "fileName": "hair/spiked_porcupine/adult/spellcast/sandy.png",
      "supportedAnimations": [
        "spellcast",
        "thrust",
        "walk",
        "slash",
        "shoot",
        "hurt",
        "climb",
        "idle",
        "jump",
        "sit",
        "emote",
        "run",
        "combat_idle",
        "backslash",
        "halfslash"
      ]
    }
  ],
  "credits": [
    {
      "fileName": "body/bodies/male/walk/light.png",
      "file": "body/bodies/male",
      "notes": "see details at https://opengameart.org/content/lpc-character-bases; 'Thick' Male Revised Run/Climb by JaidynReiman (based on ElizaWy's LPC Revised)",
      "authors": [
        "bluecarrot16",
        "JaidynReiman",
        "Benjamin K. Smith (BenCreating)",
        "Evert",
        "Eliza Wyatt (ElizaWy)",
        "TheraHedwig",
        "MuffinElZangano",
        "Durrani",
        "Johannes Sjölund (wulax)",
        "Stephen Challener (Redshrike)"
      ],
      "licenses": [
        "OGA-BY 3.0",
        "CC-BY-SA 3.0",
        "GPL 3.0"
      ],
      "urls": [
        "https://opengameart.org/content/liberated-pixel-cup-lpc-base-assets-sprites-map-tiles",
        "https://opengameart.org/content/lpc-medieval-fantasy-character-sprites",
        "https://opengameart.org/content/lpc-male-jumping-animation-by-durrani",
        "https://opengameart.org/content/lpc-runcycle-and-diagonal-walkcycle",
        "https://opengameart.org/content/lpc-revised-character-basics",
        "https://opengameart.org/content/lpc-be-seated",
        "https://opengameart.org/content/lpc-runcycle-for-male-muscular-and-pregnant-character-bases-with-modular-heads",
        "https://opengameart.org/content/lpc-jump-expanded",
        "https://opengameart.org/content/lpc-character-bases"
      ]
    },
    {
      "fileName": "head/heads/human/male/walk/light.png",
      "file": "head/heads/human/male",
      "notes": "original head by Redshrike, tweaks by BenCreating, modular version by bluecarrot16",
      "authors": [
        "bluecarrot16",
        "Benjamin K. Smith (BenCreating)",
        "Stephen Challener (Redshrike)"
      ],
      "licenses": [
        "OGA-BY 3.0",
        "CC-BY-SA 3.0",
        "GPL 3.0"
      ],
      "urls": [
        "https://opengameart.org/content/liberated-pixel-cup-lpc-base-assets-sprites-map-tiles",
        "https://opengameart.org/content/lpc-character-bases"
      ]
    },
    {
      "fileName": "head/faces/male/neutral/walk/light.png",
      "file": "head/faces",
      "notes": "Original by Redshrike, Expressions by ElizaWy, mapped to all frames by JaidynReiman",
      "authors": [
        "JaidynReiman",
        "ElizaWy",
        "Stephen Challener (Redshrike)"
      ],
      "licenses": [
        "OGA-BY 3.0"
      ],
      "urls": [
        "https://github.com/ElizaWy/LPC/tree/main/Characters/Head",
        "https://opengameart.org/content/ulpc-expanded-expressions"
      ]
    },
    {
      "fileName": "legs/pants/male/walk/black.png",
      "file": "legs/pants/male",
      "notes": "original male pants by wulax, recolors and edits to v3 base by bluecarrot16, climb/jump/run/sit/emotes/revised combat by JaidynReiman based on ElizaWy's LPC Revised",
      "authors": [
        "bluecarrot16",
        "JaidynReiman",
        "ElizaWy",
        "Matthew Krohn (makrohn)",
        "Johannes Sjölund (wulax)",
        "Stephen Challener (Redshrike)"
      ],
      "licenses": [
        "OGA-BY 3.0",
        "GPL 3.0",
        "CC-BY-SA 3.0"
      ],
      "urls": [
        "https://opengameart.org/content/liberated-pixel-cup-lpc-base-assets-sprites-map-tiles",
        "https://opengameart.org/content/lpc-medieval-fantasy-character-sprites",
        "https://opengameart.org/content/lpc-expanded-pants"
      ]
    },
    {
      "fileName": "feet/shoes/basic/male/walk/black.png",
      "file": "feet/shoes",
      "notes": "original by wulax, edited for v3 base by bluecarrot16, Jump/Sit/Emote/Run/Revised Combat by JaidynReiman",
      "authors": [
        "JaidynReiman",
        "bluecarrot16",
        "Johannes Sjölund (wulax)"
      ],
      "licenses": [
        "OGA-BY 3.0",
        "CC-BY-SA 3.0",
        "GPL 3.0"
      ],
      "urls": [
        "https://opengameart.org/content/lpc-medieval-fantasy-character-sprites",
        "http://opengameart.org/content/lpc-clothing-updates",
        "https://opengameart.org/content/lpc-expanded-socks-shoes"
      ]
    },
    {
      "fileName": "hair/spiked_porcupine/adult/walk/sandy.png",
      "file": "hair/spiked_porcupine",
      "notes": "",
      "authors": [
        "Fabzy",
        "bluecarrot16"
      ],
      "licenses": [
        "CC-BY-SA 3.0"
      ],
      "urls": [
        "https://opengameart.org/content/the-revolution-hair",
        "https://opengameart.org/content/lpc-hair"
      ]
    },
    {
      "fileName": "facial/earrings/simple/right/adult/walk/black.png",
      "file": "facial/earrings/simple",
      "notes": "",
      "authors": [
        "bluecarrot16"
      ],
      "licenses": [
        "CC0"
      ],
      "urls": [
        "https://opengameart.org/content/lpc-pirates"
      ]
    },
    {
      "fileName": "torso/clothes/shortsleeve/tshirt/male/walk/maroon.png",
      "file": "torso/clothes/shortsleeve/tshirt",
      "notes": "original by ElizaWy; spellcast/thrust/shoot/hurt/male adapted from original by JaidynReiman",
      "authors": [
        "ElizaWy",
        "JaidynReiman",
        "Stephen Challener (Redshrike)",
        "Johannes Sjölund (wulax)"
      ],
      "licenses": [
        "OGA-BY 3.0"
      ],
      "urls": [
        "https://opengameart.org/content/lpc-revised-character-basics",
        "https://github.com/ElizaWy/LPC/tree/main/Characters/Clothing",
        "https://opengameart.org/content/lpc-expanded-sit-run-jump-more",
        "https://opengameart.org/content/lpc-expanded-simple-shirts"
      ]
    },
    {
      "fileName": "eyes/eyebrows/thick/adult/walk/ash.png",
      "file": "eyes/eyebrows/thick",
      "notes": "",
      "authors": [
        "ElizaWy"
      ],
      "licenses": [
        "OGA-BY 3.0"
      ],
      "urls": [
        "https://github.com/ElizaWy/LPC/tree/main/Characters/Hair",
        "https://opengameart.org/content/lpc-expanded-sit-run-jump-more"
      ]
    },
    {
      "fileName": "beards/beard/trimmed/walk/blonde.png",
      "file": "beards/beard/trimmed",
      "notes": "",
      "authors": [
        "ElizaWy"
      ],
      "licenses": [
        "OGA-BY 3.0"
      ],
      "urls": [
        "https://github.com/ElizaWy/LPC/tree/main/Characters/Hair",
        "https://opengameart.org/content/lpc-expanded-sit-run-jump-more"
      ]
    }
  ]
}